,,,,,,,
,,,,,,,
,,,,,,,
,Mayores de Edad,,,,Mayores de 30,,
,id,Nombre,Apellido,,id,Nombre,Apellido
,1,Juan,García,,1,Juan,García
,2,María,Rodríguez,,2,María,Rodríguez
,3,Carlos,Martínez,,3,Carlos,Martínez
,4,Ana,López,,4,Ana,López
,5,Pedro,Hernández,,5,Pedro,Hernández
,6,Laura,González,,7,Luis,Pérez
,7,Luis,Pérez,,8,Marta,Sánchez
,8,Marta,Sánchez,,9,David,Ramírez
,9,David,Ramírez,,10,Sandra,Torres
,10,Sandra,Torres,,11,José,Flores
,11,José,Flores,,12,Claudia,Gómez
,12,Claudia,Gómez,,14,Andrea,Ruiz
,13,Pablo,Díaz,,15,Daniel,Álvarez
,14,Andrea,Ruiz,,16,Cristina,Jiménez
,15,Daniel,Álvarez,,17,Alejandro,Moreno
,16,Cristina,Jiménez,,19,Fernando,Castillo
,17,Alejandro,Moreno,,20,Natalia,Romero
,18,Paula,Muñoz,,21,Miguel,Medina
,19,Fernando,Castillo,,22,Patricia,Suárez
,20,Natalia,Romero,,23,Diego,Castro
,21,Miguel,Medina,,24,Elena,Ortega
,22,Patricia,Suárez,,26,Raquel,Morales
,23,Diego,Castro,,27,Javier,Delgado
,24,Elena,Ortega,,28,Carmen,Vargas
,25,Sergio,Herrera,,29,Rubén,Núñez
,26,Raquel,Morales,,30,Lucía,Carrasco
,27,Javier,Delgado,,31,Francisco,Bravo
,28,Carmen,Vargas,,32,Beatriz,Rivas
,29,Rubén,Núñez,,33,Alberto,Mendoza
,30,Lucía,Carrasco,,35,Jorge,Aguilar
,31,Francisco,Bravo,,36,Martina,Blanco
,32,Beatriz,Rivas,,37,Ángel,Guzmán
,33,Alberto,Mendoza,,38,Virginia,Reyes
,34,Sara,Peralta,,39,Adrián,Espinosa
,35,Jorge,Aguilar,,40,Sonia,Contreras
,36,Martina,Blanco,,41,Manuel,Montes
,37,Ángel,Guzmán,,42,Esther,Rivera
,38,Virginia,Reyes,,44,Silvia,Navarro
,39,Adrián,Espinosa,,45,Iván,León
,40,Sonia,Contreras,,47,Guillermo,Vázquez
,41,Manuel,Montes,,48,Lorena,Cárdenas
,42,Esther,Rivera,,49,Ramón,Salazar
,44,Silvia,Navarro,,51,Oscar,Maldonado
,45,Iván,León,,52,Inés,Fuentes
,46,Raquel,Acosta,,53,Antonio,Palacios
,47,Guillermo,Vázquez,,54,Elena,Quiroz
,48,Lorena,Cárdenas,,55,Mario,Ríos
,49,Ramón,Salazar,,57,Gonzalo,Benítez
,50,Rosa,Ochoa,,58,Isabel,Solís
,51,Oscar,Maldonado,,59,Roberto,Valle
,52,Inés,Fuentes,,60,Marina,Luna
,53,Antonio,Palacios,,61,Álvaro,Sosa
,54,Elena,Quiroz,,62,Lorena,Ávila
,55,Mario,Ríos,,63,Rubén,Figueroa
,56,Alicia,Molina,,65,Ignacio,Ponce
,57,Gonzalo,Benítez,,66,Julia,Bautista
,58,Isabel,Solís,,67,Joaquín,Ibarra
,59,Roberto,Valle,,68,Laura,Chávez
,60,Marina,Luna,,69,Emilio,Juárez
,61,Álvaro,Sosa,,71,Alfonso,Cervantes
,62,Lorena,Ávila,,72,Laura,Soto
,63,Rubén,Figueroa,,73,Adrián,Lara
,64,Eva,Gallegos,,75,Mateo,Aguilar
,65,Ignacio,Ponce,,76,Carla,Pacheco
,66,Julia,Bautista,,77,Salvador,Zamora
,67,Joaquín,Ibarra,,78,María,Beltrán
,68,Laura,Chávez,,80,Elena,Escobar
,69,Emilio,Juárez,,82,Laura,Escamilla
,70,Claudia,Echeverría,,83,Julián,Esquivel
,71,Alfonso,Cervantes,,84,Isabel,Zavala
,72,Laura,Soto,,85,Rafael,Mora
,73,Adrián,Lara,,86,Lucía,Amador
,74,Lucía,Cisneros,,87,Tomás,Salinas
,75,Mateo,Aguilar,,88,Natalia,Hurtado
,76,Carla,Pacheco,,89,Gonzalo,Calderón
,77,Salvador,Zamora,,90,Cristina,Tapia
,78,María,Beltrán,,92,Ana,Lozano
,79,Esteban,Morales,,93,Rodrigo,Vidal
,80,Elena,Escobar,,94,Raquel,Ponce
,82,Laura,Escamilla,,95,Marcos,Reyes
,83,Julián,Esquivel,,96,Laura,Briones
,84,Isabel,Zavala,,98,Sara,Paredes
,85,Rafael,Mora,,99,Samuel,Méndez
,86,Lucía,Amador,,100,Beatriz,Valdez
,87,Tomás,Salinas,,102,Diego,Santillán
,88,Natalia,Hurtado,,103,Elena,Lugo
,89,Gonzalo,Calderón,,104,Gabriel,Guerra
,90,Cristina,Tapia,,105,Jimena,Guajardo
,91,Eduardo,Palma,,106,Iván,Carrillo
,92,Ana,Lozano,,107,Laura,Amaya
,93,Rodrigo,Vidal,,109,Mariana,Quintero
,94,Raquel,Ponce,,111,Olivia,Medina
,95,Marcos,Reyes,,112,Andrés,Lara
,96,Laura,Briones,,113,Valeria,Sepúlveda
,97,Julián,Ayala,,114,Fernando,Galindo
,98,Sara,Paredes,,115,Ximena,Salcedo
,99,Samuel,Méndez,,116,Gustavo,Mena
,100,Beatriz,Valdez,,117,Renata,Serrano
,102,Diego,Santillán,,119,Cecilia,Villanueva
,103,Elena,Lugo,,120,Iker,Marín
,104,Gabriel,Guerra,,121,Esmeralda,Benavides
,105,Jimena,Guajardo,,122,Jaime,Soria
,106,Iván,Carrillo,,123,Valentina,Godínez
,107,Laura,Amaya,,124,Leo,Ponce de León
,108,Kevin,Jaramillo,,126,Manuel,Meléndez
,109,Mariana,Quintero,,127,Sofía,Valencia
,110,Nicolás,Barajas,,129,Natalia,Piña
,111,Olivia,Medina,,131,Daniela,Escobedo
,112,Andrés,Lara,,132,Emilio,Hurtado
,113,Valeria,Sepúlveda,,133,Jimena,Del Río
,114,Fernando,Galindo,,134,Roberto,Robles
,115,Ximena,Salcedo,,135,Alma,Márquez
,116,Gustavo,Mena,,136,Carlos,Cortés
,117,Renata,Serrano,,137,Diana,Gudiño
,118,Hugo,Mondragón,,138,Luis,Alarcón
,119,Cecilia,Villanueva,,139,Fernanda,Córdova
,120,Iker,Marín,,141,Alejandra,Tinajero
,121,Esmeralda,Benavides,,142,Sergio,Esparza
,122,Jaime,Soria,,143,Estrella,Chavarría
,123,Valentina,Godínez,,145,Esperanza,Olvera
,124,Leo,Ponce de León,,146,Jorge,Beltrán
,125,Camila,Peralta,,147,Aurora,Guadarrama
,126,Manuel,Meléndez,,148,Juan,Mondragón
,127,Sofía,Valencia,,149,Luna,Blanco
,128,Mauricio,Osorio,,150,Ricardo,Zamudio
,129,Natalia,Piña,,151,Giselle,Quintana
,130,Esteban,Beltrán,,152,Eduardo,Montoya
,131,Daniela,Escobedo,,153,Guadalupe,Salinas
,132,Emilio,Hurtado,,154,Miguel,Figueroa
,133,Jimena,Del Río,,155,Violeta,Ríos
,134,Roberto,Robles,,156,Martín,Jiménez
,135,Alma,Márquez,,157,Abril,Robledo
,136,Carlos,Cortés,,158,Óscar,Guerra
,137,Diana,Gudiño,,159,Perla,Orozco
,138,Luis,Alarcón,,161,Rosalía,Zambrano
,139,Fernanda,Córdova,,162,Víctor,Munguía
,140,Omar,Pacheco,,164,Alfredo,Urbina
,141,Alejandra,Tinajero,,165,Azucena,Sáenz
,142,Sergio,Esparza,,166,Ángel,Camacho
,143,Estrella,Chavarría,,167,Blanca,Ocampo
,144,Pablo,Rangel,,169,Alma,Alvarado
,145,Esperanza,Olvera,,170,Francisco,Barrera
,146,Jorge,Beltrán,,171,Alejandra,Pineda
,147,Aurora,Guadarrama,,172,Guillermo,Ugalde
,148,Juan,Mondragón,,173,Candela,Zamorano
,149,Luna,Blanco,,174,Héctor,Morales
,150,Ricardo,Zamudio,,176,Isaac,Montalvo
,151,Giselle,Quintana,,177,Daisy,Manzano
,152,Eduardo,Montoya,,178,Javier,Peña
,153,Guadalupe,Salinas,,179,Esmeralda,Carranza
,154,Miguel,Figueroa,,180,Leonardo,Ríos
,155,Violeta,Ríos,,181,Aurora,Bernal
,156,Martín,Jiménez,,182,Marco,González
,157,Abril,Robledo,,183,Estrella,Aguilera
,158,Óscar,Guerra,,185,Gabriela,Orozco
,159,Perla,Orozco,,186,Raúl,Arellano
,160,Samuel,De León,,187,Valeria,Mora
,161,Rosalía,Zambrano,,188,Sebastián,Cruz
,162,Víctor,Munguía,,189,Jazmín,Cárdenas
,163,Violeta,Salas,,190,Tomás,Góngora
,164,Alfredo,Urbina,,191,Marina,Avilés
,165,Azucena,Sáenz,,192,Abraham,León
,166,Ángel,Camacho,,194,Daniel,Curiel
,167,Blanca,Ocampo,,195,Perla,Meza
,168,David,Guerrero,,197,Jimena,Delgado
,169,Alma,Alvarado,,198,Martín,Echeverría
,170,Francisco,Barrera,,199,Lupita,Valladares
,171,Alejandra,Pineda,,,,
,172,Guillermo,Ugalde,,,,
,173,Candela,Zamorano,,,,
,174,Héctor,Morales,,,,
,175,Carolina,Arriaga,,,,
,176,Isaac,Montalvo,,,,
,177,Daisy,Manzano,,,,
,178,Javier,Peña,,,,
,179,Esmeralda,Carranza,,,,
,180,Leonardo,Ríos,,,,
,181,Aurora,Bernal,,,,
,182,Marco,González,,,,
,183,Estrella,Aguilera,,,,
,184,Miguel Ángel,Baez,,,,
,185,Gabriela,Orozco,,,,
,186,Raúl,Arellano,,,,
,187,Valeria,Mora,,,,
,188,Sebastián,Cruz,,,,
,189,Jazmín,Cárdenas,,,,
,190,Tomás,Góngora,,,,
,191,Marina,Avilés,,,,
,192,Abraham,León,,,,
,194,Daniel,Curiel,,,,
,195,Perla,Meza,,,,
,196,Juan Pablo,Gómez,,,,
,197,Jimena,Delgado,,,,
,198,Martín,Echeverría,,,,
,199,Lupita,Valladares,,,,
,200,Miguel,Ortega,,,,