,,,,,
,,,,,
,ID,Nombre,Apellido 1,Apellido 2,Fecha de nacimiento
,1,Juan,García,Ramos,13/09/1962
,2,María,Rodríguez,Linares,1/04/1976
,3,Carlos,Martínez,Arroyo,28/08/1980
,4,Ana,López,Barrios,6/02/1955
,5,Pedro,Hernández,Navarro,19/06/1990
,6,Laura,González,Molina,8/12/2004
,7,Luis,Pérez,Fuentes,22/07/1973
,8,Marta,Sánchez,Pardo,10/01/1987
,9,David,Ramírez,Carrasco,31/05/1959
,10,Sandra,Torres,Calvo,15/11/1993
,11,José,Flores,Solano,21/09/1955
,12,Claudia,Gómez,Urrutia,11/07/1988
,13,Pablo,Díaz,Parra,26/02/1999
,14,Andrea,Ruiz,Aguayo,7/11/1960
,15,Daniel,Álvarez,Sandoval,17/04/1975
,16,Cristina,Jiménez,Beltrán,23/08/1990
,17,Alejandro,Moreno,Villalobos,29/01/1959
,18,Paula,Muñoz,Arias,18/06/2005
,19,Fernando,Castillo,Zamora,6/12/1969
,20,Natalia,Romero,Rivas,2/10/1977
,21,Miguel,Medina,Tapia,12/03/1982
,22,Patricia,Suárez,Delgado,25/09/1987
,23,Diego,Castro,Molina,9/02/1954
,24,Elena,Ortega,Carvajal,20/07/1963
,25,Sergio,Herrera,Varela,28/11/1995
,26,Raquel,Morales,Salas,13/08/1981
,27,Javier,Delgado,Salazar,1/04/1973
,28,Carmen,Vargas,Vargas,24/10/1961
,29,Rubén,Núñez,Durán,16/05/1992
,30,Lucía,Carrasco,Aranda,4/01/1989
,31,Francisco,Bravo,Galván,22/06/1974
,32,Beatriz,Rivas,Maldonado,10/12/1965
,33,Alberto,Mendoza,Quintanilla,31/07/1953
,34,Sara,Peralta,Miranda,15/02/2000
,35,Jorge,Aguilar,Ríos,8/11/1986
,36,Martina,Blanco,León,27/04/1979
,37,Ángel,Guzmán,Soto,5/09/1968
,38,Virginia,Reyes,Moya,19/03/1994
,39,Adrián,Espinosa,Díaz,9/10/1970
,40,Sonia,Contreras,Márquez,23/05/1967
,41,Manuel,Montes,Aguirre,11/01/1991
,42,Esther,Rivera,Flores,30/07/1956
,43,Víctor,Rojas,Calderón,18/12/2008
,44,Silvia,Navarro,Rojas,2/06/1983
,45,Iván,León,Salgado,14/10/1951
,46,Raquel,Acosta,Serrano,7/08/1996
,47,Guillermo,Vázquez,Navarro,26/01/1971
,48,Lorena,Cárdenas,Cervantes,4/05/1960
,49,Ramón,Salazar,Cisneros,17/11/1984
,50,Rosa,Ochoa,Lozano,25/03/1998
,51,Oscar,Maldonado,Escobar,13/09/1962
,52,Inés,Fuentes,Rueda,1/04/1976
,53,Antonio,Palacios,Torres,28/08/1980
,54,Elena,Quiroz,Miranda,6/02/1955
,55,Mario,Ríos,Cárdenas,19/06/1990
,56,Alicia,Molina,Marín,8/12/2004
,57,Gonzalo,Benítez,Zambrano,22/07/1973
,58,Isabel,Solís,Arias,10/01/1987
,59,Roberto,Valle,Ríos,31/05/1959
,60,Marina,Luna,Ávila,15/11/1993
,61,Álvaro,Sosa,Rivera,2/09/1968
,62,Lorena,Ávila,Duarte,12/04/1975
,63,Rubén,Figueroa,Dávila,24/10/1954
,64,Eva,Gallegos,Mendoza,7/08/2000
,65,Ignacio,Ponce,Guevara,18/02/1989
,66,Julia,Bautista,Valenzuela,26/06/1974
,67,Joaquín,Ibarra,Carmona,4/12/1961
,68,Laura,Chávez,Zúñiga,14/05/1983
,69,Emilio,Juárez,Reyes,30/01/1957
,70,Claudia,Echeverría,Pacheco,10/09/1995
,71,Alfonso,Cervantes,Esquivel,22/03/1979
,72,Laura,Soto,Rojas,1/11/1982
,73,Adrián,Lara,Guerrero,16/07/1963
,74,Lucía,Cisneros,Fuentes,27/01/2003
,75,Mateo,Aguilar,Figueroa,8/05/1952
,76,Carla,Pacheco,Cabrera,20/11/1987
,77,Salvador,Zamora,Delgado,5/09/1966
,78,María,Beltrán,Guerra,15/03/1970
,79,Esteban,Morales,Márquez,26/10/1998
,80,Elena,Escobar,Molina,7/04/1955
,81,Guillermo,Aguayo,Jaimes,18/08/2006
,82,Laura,Escamilla,Guzmán,29/02/1984
,83,Julián,Esquivel,Hernández,10/06/1969
,84,Isabel,Zavala,Del Río,22/12/1977
,85,Rafael,Mora,Barajas,3/07/1953
,86,Lucía,Amador,Morales,14/01/1991
,87,Tomás,Salinas,Tovar,25/07/1976
,88,Natalia,Hurtado,Ocampo,5/02/1981
,89,Gonzalo,Calderón,Rosales,16/08/1962
,90,Cristina,Tapia,Gómez,27/04/1958
,91,Eduardo,Palma,Calderón,9/10/2001
,92,Ana,Lozano,Villa,20/06/1985
,93,Rodrigo,Vidal,Mora,1/12/1964
,94,Raquel,Ponce,Molina,11/08/1992
,95,Marcos,Reyes,Soto,23/02/1971
,96,Laura,Briones,Campos,3/09/1956
,97,Julián,Ayala,Torres,15/05/1999
,98,Sara,Paredes,Guerrero,26/11/1980
,99,Samuel,Méndez,Escamilla,6/07/1965
,100,Beatriz,Valdez,Castañeda,17/01/1974
,101,Adriana,Escobar,Ochoa,28/07/2007
,102,Diego,Santillán,Maldonado,8/03/1986
,103,Elena,Lugo,Fuentes,19/09/1972
,104,Gabriel,Guerra,Palacios,30/04/1951
,105,Jimena,Guajardo,Quiroz,12/10/1990
,106,Iván,Carrillo,Ríos,23/06/1968
,107,Laura,Amaya,Molina,4/02/1977
,108,Kevin,Jaramillo,Benítez,15/08/1995
,109,Mariana,Quintero,Solís,26/03/1960
,110,Nicolás,Barajas,Valle,6/09/2002
,111,Olivia,Medina,Luna,17/05/1983
,112,Andrés,Lara,Sosa,28/11/1974
,113,Valeria,Sepúlveda,Ávila,9/07/1959
,114,Fernando,Galindo,Figueroa,20/01/1989
,115,Ximena,Salcedo,Gallegos,1/08/1966
,116,Gustavo,Mena,Ponce,13/04/1978
,117,Renata,Serrano,Bautista,24/10/1955
,118,Hugo,Mondragón,Ibarra,4/06/1994
,119,Cecilia,Villanueva,Chávez,15/12/1976
,120,Iker,Marín,Juárez,25/06/1952
,121,Esmeralda,Benavides,Echeverría,7/02/1990
,122,Jaime,Soria,Cervantes,18/08/1982
,123,Valentina,Godínez,Soto,29/03/1968
,124,Leo,Ponce de León,Lara,9/09/1954
,125,Camila,Peralta,Cisneros,20/01/2004
,126,Manuel,Meléndez,Aguilar,1/07/1987
,127,Sofía,Valencia,Pacheco,12/01/1973
,128,Mauricio,Osorio,Zamora,23/07/1996
,129,Natalia,Piña,Beltrán,3/03/1958
,130,Esteban,Beltrán,Morales,14/09/2000
,131,Daniela,Escobedo,Escobar,25/05/1985
,132,Emilio,Hurtado,Aguayo,5/11/1963
,133,Jimena,Del Río,Escamilla,16/07/1971
,134,Roberto,Robles,Esquivel,27/01/1956
,135,Alma,Márquez,Zavala,8/08/1984
,136,Carlos,Cortés,Mora,19/02/1993
,137,Diana,Gudiño,Amador,2/10/1969
,138,Luis,Alarcón,Salinas,13/04/1977
,139,Fernanda,Córdova,Hurtado,24/10/1954
,140,Omar,Pacheco,Calderón,5/06/2003
,141,Alejandra,Tinajero,Tapia,16/12/1985
,142,Sergio,Esparza,Palma,26/06/1972
,143,Estrella,Chavarría,Lozano,7/02/1960
,144,Pablo,Rangel,Vidal,18/08/1998
,145,Esperanza,Olvera,Ponce,29/03/1974
,146,Jorge,Beltrán,Reyes,9/09/1959
,147,Aurora,Guadarrama,Briones,20/01/1992
,148,Juan,Mondragón,Ayala,1/07/1986
,149,Luna,Blanco,Paredes,12/01/1971
,150,Ricardo,Zamudio,Méndez,23/07/1957
,151,Giselle,Quintana,Valdez,15/08/1952
,152,Eduardo,Montoya,Escobar,27/04/1966
,153,Guadalupe,Salinas,Santillán,3/11/1978
,154,Miguel,Figueroa,Lugo,22/09/1985
,155,Violeta,Ríos,Guerra,10/06/1957
,156,Martín,Jiménez,Guajardo,19/12/1993
,157,Abril,Robledo,Carrillo,5/07/1980
,158,Óscar,Guerra,Amaya,14/03/1972
,159,Perla,Orozco,Jaramillo,30/10/1964
,160,Samuel,De León,Quintero,8/05/2002
,161,Rosalía,Zambrano,Barajas,21/09/1955
,162,Víctor,Munguía,Medina,11/07/1988
,163,Violeta,Salas,Lara,26/02/1999
,164,Alfredo,Urbina,Sepúlveda,7/11/1960
,165,Azucena,Sáenz,Galindo,17/04/1975
,166,Ángel,Camacho,Salcedo,23/08/1990
,167,Blanca,Ocampo,Mena,29/01/1959
,168,David,Guerrero,Serrano,18/06/2005
,169,Alma,Alvarado,Mondragón,6/12/1969
,170,Francisco,Barrera,Villanueva,2/10/1977
,171,Alejandra,Pineda,Marín,12/03/1982
,172,Guillermo,Ugalde,Benavides,25/09/1987
,173,Candela,Zamorano,Soria,9/02/1954
,174,Héctor,Morales,Godínez,20/07/1963
,175,Carolina,Arriaga,Ponce de León,28/11/1995
,176,Isaac,Montalvo,Peralta,13/08/1981
,177,Daisy,Manzano,Meléndez,1/04/1973
,178,Javier,Peña,Valencia,24/10/1961
,179,Esmeralda,Carranza,Osorio,16/05/1992
,180,Leonardo,Ríos,Piña,4/01/1989
,181,Aurora,Bernal,Beltrán,22/06/1974
,182,Marco,González,Escobedo,10/12/1965
,183,Estrella,Aguilera,Hurtado,31/07/1953
,184,Miguel Ángel,Baez,Del Río,15/02/2000
,185,Gabriela,Orozco,Robles,8/11/1986
,186,Raúl,Arellano,Márquez,27/04/1979
,187,Valeria,Mora,Cortés,5/09/1968
,188,Sebastián,Cruz,Gudiño,19/03/1994
,189,Jazmín,Cárdenas,Alarcón,9/10/1970
,190,Tomás,Góngora,Córdova,23/05/1967
,191,Marina,Avilés,Pacheco,11/01/1991
,192,Abraham,León,Tinajero,30/07/1956
,193,Monserrat,Bustos,Esparza,18/12/2008
,194,Daniel,Curiel,Chavarría,2/06/1983
,195,Perla,Meza,Rangel,14/10/1951
,196,Juan Pablo,Gómez,Olvera,7/08/1996
,197,Jimena,Delgado,Beltrán,26/01/1971
,198,Martín,Echeverría,Guadarrama,4/05/1960
,199,Lupita,Valladares,Mondragón,17/11/1984
,200,Miguel,Ortega,Ortega,25/03/1998